{
    "f1_macro": 0.9604055349762564,
    "f1_macro_excl_c": 0.9237875288683602,
    "f1_precision_macro_excl_c": 0.8583690987124464,
    "f1_recall_macro_excl_c": 1.0,
    "f1_micro_excl_c": 0.9237875288683602,
    "f1_precision_micro_excl_c": 0.8583690987124464,
    "f1_recall_micro_excl_c": 1.0,
    "f1_weighted": 0.9237875288683602,
    "f1_precision_weighted": 0.8583690987124464,
    "f1_recall_weighted": 1.0,
    "f1_precision_micro": 0.9942708333333333,
    "f05_precision_micro": 0.9942708333333333,
    "f05_recall_micro": 0.9942708333333333,
    "f05_macro": 0.9410997562721231,
    "f05_precision_weighted": 0.8583690987124464,
    "f05_recall_weighted": 1.0,
    "f05_weighted": 0.88339222614841,
    "binarised_f05_I": 0.88339222614841,
    "binarised_f1_I": 0.9237875288683602,
    "binarised_precision_I": 0.8583690987124464,
    "binarised_recall_I": 1.0,
    "binarised_support_I": 200,
    "f05_C": 0.9988072863958363,
    "precision_C": 1.0,
    "recall_C": 0.9940647482014389,
    "f1_C": 0.9970235410841526,
    "support_C": 5560,
    "f05_I": 0.88339222614841,
    "precision_I": 0.8583690987124464,
    "recall_I": 1.0,
    "f1_I": 0.9237875288683602,
    "support_I": 200,
    "eval_loss": 0.03675596509128809
}