{
    "f1_macro": 0.9440702399726792,
    "f1_macro_excl_c": 0.8918205804749341,
    "f1_precision_macro_excl_c": 0.9441340782122905,
    "f1_recall_macro_excl_c": 0.845,
    "f1_micro_excl_c": 0.8918205804749341,
    "f1_precision_micro_excl_c": 0.9441340782122905,
    "f1_recall_micro_excl_c": 0.845,
    "f1_weighted": 0.8918205804749342,
    "f1_precision_weighted": 0.9441340782122905,
    "f1_recall_weighted": 0.845,
    "f1_precision_micro": 0.9928819444444444,
    "f05_precision_micro": 0.9928819444444444,
    "f05_recall_micro": 0.9928819444444444,
    "f05_macro": 0.9588417298364589,
    "f05_precision_weighted": 0.9441340782122905,
    "f05_recall_weighted": 0.845,
    "f05_weighted": 0.9224890829694321,
    "binarised_f05_I": 0.9224890829694321,
    "binarised_f1_I": 0.8918205804749341,
    "binarised_precision_I": 0.9441340782122905,
    "binarised_recall_I": 0.845,
    "binarised_support_I": 200,
    "f05_C": 0.9951943767034858,
    "precision_C": 0.9944454398853252,
    "recall_C": 0.9982014388489209,
    "f1_C": 0.9963198994704245,
    "support_C": 5560,
    "f05_I": 0.9224890829694321,
    "precision_I": 0.9441340782122905,
    "recall_I": 0.845,
    "f1_I": 0.8918205804749341,
    "support_I": 200,
    "eval_loss": 0.02839490515179932
}