{
    "f1_macro": 0.9435919982147836,
    "f1_macro_excl_c": 0.893601462522852,
    "f1_precision_macro_excl_c": 0.9153558052434457,
    "f1_recall_macro_excl_c": 0.8728571428571429,
    "f1_micro_excl_c": 0.893601462522852,
    "f1_precision_micro_excl_c": 0.9153558052434457,
    "f1_recall_micro_excl_c": 0.8728571428571429,
    "f1_weighted": 0.8936014625228519,
    "f1_precision_weighted": 0.9153558052434458,
    "f1_recall_weighted": 0.8728571428571429,
    "f1_precision_micro": 0.9878951747088186,
    "f05_precision_micro": 0.9878951747088186,
    "f05_recall_micro": 0.9878951747088186,
    "f05_macro": 0.949628452438303,
    "f05_precision_weighted": 0.9153558052434458,
    "f05_recall_weighted": 0.8728571428571429,
    "f05_weighted": 0.9065281899109792,
    "binarised_f05_I": 0.9065281899109793,
    "binarised_f1_I": 0.893601462522852,
    "binarised_precision_I": 0.9153558052434457,
    "binarised_recall_I": 0.8728571428571429,
    "binarised_support_I": 2800,
    "f05_C": 0.9927287149656266,
    "precision_C": 0.9921603171107686,
    "recall_C": 0.9950088339222615,
    "f1_C": 0.9935825339067151,
    "support_C": 45280,
    "f05_I": 0.9065281899109793,
    "precision_I": 0.9153558052434457,
    "recall_I": 0.8728571428571429,
    "f1_I": 0.893601462522852,
    "support_I": 2800,
    "eval_loss": 0.04850128072906624
}