{
    "f1_macro": 0.901572388708616,
    "f1_macro_excl_c": 0.8147425897035881,
    "f1_precision_macro_excl_c": 0.8973367697594502,
    "f1_recall_macro_excl_c": 0.7460714285714286,
    "f1_micro_excl_c": 0.8147425897035881,
    "f1_precision_micro_excl_c": 0.8973367697594502,
    "f1_recall_micro_excl_c": 0.7460714285714286,
    "f1_weighted": 0.8147425897035881,
    "f1_precision_weighted": 0.8973367697594503,
    "f1_recall_weighted": 0.7460714285714286,
    "f1_precision_micro": 0.9781709558823529,
    "f05_precision_micro": 0.9781709558823529,
    "f05_recall_micro": 0.9781709558823529,
    "f05_macro": 0.923682295204014,
    "f05_precision_weighted": 0.8973367697594503,
    "f05_recall_weighted": 0.7460714285714286,
    "f05_weighted": 0.8623678996036989,
    "binarised_f05_I": 0.8623678996036989,
    "binarised_f1_I": 0.8147425897035881,
    "binarised_precision_I": 0.8973367697594502,
    "binarised_recall_I": 0.7460714285714286,
    "binarised_support_I": 2800,
    "f05_C": 0.9849966908043291,
    "precision_C": 0.9827393668673529,
    "recall_C": 0.9941306483300589,
    "f1_C": 0.988402187713644,
    "support_C": 40720,
    "f05_I": 0.8623678996036989,
    "precision_I": 0.8973367697594502,
    "recall_I": 0.7460714285714286,
    "f1_I": 0.8147425897035881,
    "support_I": 2800,
    "eval_loss": 0.07033942953090776
}