{
    "f1_macro": 0.9064347028493416,
    "f1_macro_excl_c": 0.8247048138056312,
    "f1_precision_macro_excl_c": 0.8391866913123844,
    "f1_recall_macro_excl_c": 0.8107142857142857,
    "f1_micro_excl_c": 0.8247048138056312,
    "f1_precision_micro_excl_c": 0.8391866913123844,
    "f1_recall_micro_excl_c": 0.8107142857142857,
    "f1_weighted": 0.8247048138056311,
    "f1_precision_weighted": 0.8391866913123845,
    "f1_recall_weighted": 0.8107142857142857,
    "f1_precision_micro": 0.9778262867647058,
    "f05_precision_micro": 0.9778262867647058,
    "f05_recall_micro": 0.9778262867647058,
    "f05_macro": 0.9104037977579502,
    "f05_precision_weighted": 0.8391866913123845,
    "f05_recall_weighted": 0.8107142857142857,
    "f05_weighted": 0.8333333333333336,
    "binarised_f05_I": 0.8333333333333335,
    "binarised_f1_I": 0.8247048138056312,
    "binarised_precision_I": 0.8391866913123844,
    "binarised_recall_I": 0.8107142857142857,
    "binarised_support_I": 2800,
    "f05_C": 0.9874742621825668,
    "precision_C": 0.9870145779737841,
    "recall_C": 0.9893172888015717,
    "f1_C": 0.9881645918930521,
    "support_C": 40720,
    "f05_I": 0.8333333333333335,
    "precision_I": 0.8391866913123844,
    "recall_I": 0.8107142857142857,
    "f1_I": 0.8247048138056312,
    "support_I": 2800,
    "eval_loss": 0.07676665755835446
}