{
    "f1_macro": 0.953212418464085,
    "f1_macro_excl_c": 0.9116012796767132,
    "f1_precision_macro_excl_c": 0.8623765530423702,
    "f1_recall_macro_excl_c": 0.9667857142857142,
    "f1_micro_excl_c": 0.9116012796767132,
    "f1_precision_micro_excl_c": 0.8623765530423702,
    "f1_recall_micro_excl_c": 0.9667857142857142,
    "f1_weighted": 0.9116012796767131,
    "f1_precision_weighted": 0.8623765530423703,
    "f1_recall_weighted": 0.9667857142857142,
    "f1_precision_micro": 0.9902198211624441,
    "f05_precision_micro": 0.9902198211624441,
    "f05_recall_micro": 0.9902198211624441,
    "f05_macro": 0.9391185589024484,
    "f05_precision_weighted": 0.8623765530423703,
    "f05_recall_weighted": 0.9667857142857142,
    "f05_weighted": 0.881414430841365,
    "binarised_f05_I": 0.881414430841365,
    "binarised_f1_I": 0.9116012796767132,
    "binarised_precision_I": 0.8623765530423702,
    "binarised_recall_I": 0.9667857142857142,
    "binarised_support_I": 2800,
    "f05_C": 0.996822686963532,
    "precision_C": 0.9981599097762213,
    "recall_C": 0.9915094339622641,
    "f1_C": 0.9948235572514568,
    "support_C": 50880,
    "f05_I": 0.881414430841365,
    "precision_I": 0.8623765530423702,
    "recall_I": 0.9667857142857142,
    "f1_I": 0.9116012796767132,
    "support_I": 2800,
    "eval_loss": 0.04632849369028753
}