{
    "f1_macro": 0.9884137628416818,
    "f1_macro_excl_c": 0.9781627865006316,
    "f1_precision_macro_excl_c": 0.9886902590295512,
    "f1_recall_macro_excl_c": 0.9678571428571429,
    "f1_micro_excl_c": 0.9781627865006316,
    "f1_precision_micro_excl_c": 0.9886902590295512,
    "f1_recall_micro_excl_c": 0.9678571428571429,
    "f1_weighted": 0.9781627865006315,
    "f1_precision_weighted": 0.9886902590295512,
    "f1_recall_weighted": 0.9678571428571429,
    "f1_precision_micro": 0.9974833610648919,
    "f05_precision_micro": 0.9974833610648919,
    "f05_recall_micro": 0.9974833610648919,
    "f05_macro": 0.9913634803578405,
    "f05_precision_weighted": 0.9886902590295512,
    "f05_recall_weighted": 0.9678571428571429,
    "f05_weighted": 0.9844521941296135,
    "binarised_f05_I": 0.9844521941296135,
    "binarised_f1_I": 0.9781627865006316,
    "binarised_precision_I": 0.9886902590295512,
    "binarised_recall_I": 0.9678571428571429,
    "binarised_support_I": 2800,
    "f05_C": 0.9982747665860675,
    "precision_C": 0.9980149540131013,
    "recall_C": 0.999315371024735,
    "f1_C": 0.9986647391827321,
    "support_C": 45280,
    "f05_I": 0.9844521941296135,
    "precision_I": 0.9886902590295512,
    "recall_I": 0.9678571428571429,
    "f1_I": 0.9781627865006316,
    "support_I": 2800,
    "eval_loss": 0.026110421591015023
}