{
    "f1_macro": 0.9404674907867616,
    "f1_macro_excl_c": 0.8876445086705201,
    "f1_precision_macro_excl_c": 0.8980263157894737,
    "f1_recall_macro_excl_c": 0.8775,
    "f1_micro_excl_c": 0.8876445086705201,
    "f1_precision_micro_excl_c": 0.8980263157894737,
    "f1_recall_micro_excl_c": 0.8775,
    "f1_weighted": 0.8876445086705202,
    "f1_precision_weighted": 0.8980263157894737,
    "f1_recall_weighted": 0.8775,
    "f1_precision_micro": 0.9873371335504886,
    "f05_precision_micro": 0.9873371335504886,
    "f05_recall_micro": 0.9873371335504886,
    "f05_macro": 0.9433618938060306,
    "f05_precision_weighted": 0.8980263157894737,
    "f05_recall_weighted": 0.8775,
    "f05_weighted": 0.8938445867287544,
    "binarised_f05_I": 0.8938445867287543,
    "binarised_f1_I": 0.8876445086705201,
    "binarised_precision_I": 0.8980263157894737,
    "binarised_recall_I": 0.8775,
    "binarised_support_I": 2800,
    "f05_C": 0.9928792008833068,
    "precision_C": 0.9926052086926527,
    "recall_C": 0.9939766839378238,
    "f1_C": 0.9932904729030032,
    "support_C": 46320,
    "f05_I": 0.8938445867287543,
    "precision_I": 0.8980263157894737,
    "recall_I": 0.8775,
    "f1_I": 0.8876445086705201,
    "support_I": 2800,
    "eval_loss": 0.05852174242450432
}