{
    "f1_macro": 0.9551434299241539,
    "f1_macro_excl_c": 0.9158407525617336,
    "f1_precision_macro_excl_c": 0.8645734221376467,
    "f1_recall_macro_excl_c": 0.9735714285714285,
    "f1_micro_excl_c": 0.9158407525617336,
    "f1_precision_micro_excl_c": 0.8645734221376467,
    "f1_recall_micro_excl_c": 0.9735714285714285,
    "f1_weighted": 0.9158407525617336,
    "f1_precision_weighted": 0.8645734221376467,
    "f1_recall_weighted": 0.9735714285714285,
    "f1_precision_micro": 0.9895798668885192,
    "f05_precision_micro": 0.9895798668885192,
    "f05_recall_micro": 0.9895798668885192,
    "f05_macro": 0.940581153168034,
    "f05_precision_weighted": 0.8645734221376467,
    "f05_recall_weighted": 0.9735714285714285,
    "f05_weighted": 0.8843758110563199,
    "binarised_f05_I": 0.8843758110563198,
    "binarised_f1_I": 0.9158407525617336,
    "binarised_precision_I": 0.8645734221376467,
    "binarised_recall_I": 0.9735714285714285,
    "binarised_support_I": 2800,
    "f05_C": 0.9967864952797483,
    "precision_C": 0.9983528835666748,
    "recall_C": 0.9905697879858657,
    "f1_C": 0.9944461072865742,
    "support_C": 45280,
    "f05_I": 0.8843758110563198,
    "precision_I": 0.8645734221376467,
    "recall_I": 0.9735714285714285,
    "f1_I": 0.9158407525617336,
    "support_I": 2800,
    "eval_loss": 0.04709675285795873
}