{
    "f1_macro": 0.8393400093490676,
    "f1_macro_excl_c": 0.6957649092480552,
    "f1_precision_macro_excl_c": 0.8807439824945296,
    "f1_recall_macro_excl_c": 0.575,
    "f1_micro_excl_c": 0.6957649092480552,
    "f1_precision_micro_excl_c": 0.8807439824945296,
    "f1_recall_micro_excl_c": 0.575,
    "f1_weighted": 0.6957649092480552,
    "f1_precision_weighted": 0.8807439824945295,
    "f1_recall_weighted": 0.575,
    "f1_precision_micro": 0.9676470588235294,
    "f05_precision_micro": 0.9676470588235294,
    "f05_recall_micro": 0.9676470588235294,
    "f05_macro": 0.8860460559195371,
    "f05_precision_weighted": 0.8807439824945295,
    "f05_recall_weighted": 0.575,
    "f05_weighted": 0.7960838607594934,
    "binarised_f05_I": 0.7960838607594936,
    "binarised_f1_I": 0.6957649092480552,
    "binarised_precision_I": 0.8807439824945296,
    "binarised_recall_I": 0.575,
    "binarised_support_I": 2800,
    "f05_C": 0.9760082510795806,
    "precision_C": 0.9714573539288113,
    "recall_C": 0.9946463654223968,
    "f1_C": 0.98291510945008,
    "support_C": 40720,
    "f05_I": 0.7960838607594936,
    "precision_I": 0.8807439824945296,
    "recall_I": 0.575,
    "f1_I": 0.6957649092480552,
    "support_I": 2800,
    "eval_loss": 0.09458680120720105
}