{
    "f1_macro": 0.8918510887128389,
    "f1_macro_excl_c": 0.7947284345047922,
    "f1_precision_macro_excl_c": 0.9012681159420289,
    "f1_recall_macro_excl_c": 0.7107142857142857,
    "f1_micro_excl_c": 0.7947284345047922,
    "f1_precision_micro_excl_c": 0.9012681159420289,
    "f1_recall_micro_excl_c": 0.7107142857142857,
    "f1_weighted": 0.7947284345047921,
    "f1_precision_weighted": 0.9012681159420289,
    "f1_recall_weighted": 0.7107142857142857,
    "f1_precision_micro": 0.979071661237785,
    "f05_precision_micro": 0.979071661237785,
    "f05_recall_micro": 0.979071661237785,
    "f05_macro": 0.9203095503202403,
    "f05_precision_weighted": 0.9012681159420289,
    "f05_recall_weighted": 0.7107142857142857,
    "f05_weighted": 0.8553988995873452,
    "binarised_f05_I": 0.8553988995873452,
    "binarised_f1_I": 0.7947284345047922,
    "binarised_precision_I": 0.9012681159420289,
    "binarised_recall_I": 0.7107142857142857,
    "binarised_support_I": 2800,
    "f05_C": 0.9852202010531356,
    "precision_C": 0.9827336289222374,
    "recall_C": 0.995293609671848,
    "f1_C": 0.9889737429208856,
    "support_C": 46320,
    "f05_I": 0.8553988995873452,
    "precision_I": 0.9012681159420289,
    "recall_I": 0.7107142857142857,
    "f1_I": 0.7947284345047922,
    "support_I": 2800,
    "eval_loss": 0.07357598781924356
}