{
    "f1_macro": 0.9187159040028912,
    "f1_macro_excl_c": 0.8473812652524872,
    "f1_precision_macro_excl_c": 0.8931539374752672,
    "f1_recall_macro_excl_c": 0.8060714285714285,
    "f1_micro_excl_c": 0.8473812652524872,
    "f1_precision_micro_excl_c": 0.8931539374752672,
    "f1_recall_micro_excl_c": 0.8060714285714285,
    "f1_weighted": 0.8473812652524874,
    "f1_precision_weighted": 0.8931539374752671,
    "f1_recall_weighted": 0.8060714285714285,
    "f1_precision_micro": 0.9813189338235294,
    "f05_precision_micro": 0.9813189338235294,
    "f05_recall_micro": 0.9813189338235294,
    "f05_macro": 0.9311669514564214,
    "f05_precision_weighted": 0.8931539374752671,
    "f05_recall_weighted": 0.8060714285714285,
    "f05_weighted": 0.8742640223117447,
    "binarised_f05_I": 0.8742640223117447,
    "binarised_f1_I": 0.8473812652524872,
    "binarised_precision_I": 0.8931539374752672,
    "binarised_recall_I": 0.8060714285714285,
    "binarised_support_I": 2800,
    "f05_C": 0.9880698806010981,
    "precision_C": 0.986753836020784,
    "recall_C": 0.9933693516699411,
    "f1_C": 0.9900505427532952,
    "support_C": 40720,
    "f05_I": 0.8742640223117447,
    "precision_I": 0.8931539374752672,
    "recall_I": 0.8060714285714285,
    "f1_I": 0.8473812652524872,
    "support_I": 2800,
    "eval_loss": 0.06292937179519371
}