{
    "f1_macro": 0.9600862726503366,
    "f1_macro_excl_c": 0.9244226731980406,
    "f1_precision_macro_excl_c": 0.9060356652949245,
    "f1_recall_macro_excl_c": 0.9435714285714286,
    "f1_micro_excl_c": 0.9244226731980406,
    "f1_precision_micro_excl_c": 0.9060356652949245,
    "f1_recall_micro_excl_c": 0.9435714285714286,
    "f1_weighted": 0.9244226731980406,
    "f1_precision_weighted": 0.9060356652949245,
    "f1_recall_weighted": 0.9435714285714286,
    "f1_precision_micro": 0.9919523099850969,
    "f05_precision_micro": 0.9919523099850969,
    "f05_recall_micro": 0.9919523099850969,
    "f05_macro": 0.9548670815181359,
    "f05_precision_weighted": 0.9060356652949245,
    "f05_recall_weighted": 0.9435714285714286,
    "f05_weighted": 0.9133019911504423,
    "binarised_f05_I": 0.9133019911504424,
    "binarised_f1_I": 0.9244226731980406,
    "binarised_precision_I": 0.9060356652949245,
    "binarised_recall_I": 0.9435714285714286,
    "binarised_support_I": 2800,
    "f05_C": 0.9964321718858294,
    "precision_C": 0.9968875581120479,
    "recall_C": 0.9946147798742139,
    "f1_C": 0.9957498721026327,
    "support_C": 50880,
    "f05_I": 0.9133019911504424,
    "precision_I": 0.9060356652949245,
    "recall_I": 0.9435714285714286,
    "f1_I": 0.9244226731980406,
    "support_I": 2800,
    "eval_loss": 0.044005633374168115
}