{
    "f1_macro": 0.8410629219414596,
    "f1_macro_excl_c": 0.7003269160915366,
    "f1_precision_macro_excl_c": 0.7124907612712491,
    "f1_recall_macro_excl_c": 0.6885714285714286,
    "f1_micro_excl_c": 0.7003269160915366,
    "f1_precision_micro_excl_c": 0.7124907612712491,
    "f1_recall_micro_excl_c": 0.6885714285714286,
    "f1_weighted": 0.7003269160915366,
    "f1_precision_weighted": 0.7124907612712491,
    "f1_recall_weighted": 0.6885714285714286,
    "f1_precision_micro": 0.9656821963394343,
    "f05_precision_micro": 0.9656821963394343,
    "f05_recall_micro": 0.9656821963394343,
    "f05_macro": 0.8443816767171192,
    "f05_precision_weighted": 0.7124907612712491,
    "f05_recall_weighted": 0.6885714285714286,
    "f05_weighted": 0.7075748678802115,
    "binarised_f05_I": 0.7075748678802115,
    "binarised_f1_I": 0.7003269160915366,
    "binarised_precision_I": 0.7124907612712491,
    "binarised_recall_I": 0.6885714285714286,
    "binarised_support_I": 2800,
    "f05_C": 0.9811884855540268,
    "precision_C": 0.9807819456076167,
    "recall_C": 0.9828180212014134,
    "f1_C": 0.9817989277913826,
    "support_C": 45280,
    "f05_I": 0.7075748678802115,
    "precision_I": 0.7124907612712491,
    "recall_I": 0.6885714285714286,
    "f1_I": 0.7003269160915366,
    "support_I": 2800,
    "eval_loss": 0.08452951662581075
}