{
    "f1_macro": 0.9311585599317522,
    "f1_macro_excl_c": 0.8697296275288334,
    "f1_precision_macro_excl_c": 0.9240658899156288,
    "f1_recall_macro_excl_c": 0.8214285714285714,
    "f1_micro_excl_c": 0.8697296275288334,
    "f1_precision_micro_excl_c": 0.9240658899156288,
    "f1_recall_micro_excl_c": 0.8214285714285714,
    "f1_weighted": 0.8697296275288334,
    "f1_precision_weighted": 0.9240658899156288,
    "f1_recall_weighted": 0.8214285714285714,
    "f1_precision_micro": 0.9859731270358306,
    "f05_precision_micro": 0.9859731270358306,
    "f05_recall_micro": 0.9859731270358306,
    "f05_macro": 0.9460676938572519,
    "f05_precision_weighted": 0.9240658899156288,
    "f05_recall_weighted": 0.8214285714285714,
    "f05_weighted": 0.9015365318281592,
    "binarised_f05_I": 0.9015365318281592,
    "binarised_f1_I": 0.8697296275288334,
    "binarised_precision_I": 0.9240658899156288,
    "binarised_recall_I": 0.8214285714285714,
    "binarised_support_I": 2800,
    "f05_C": 0.9905988558863444,
    "precision_C": 0.9892775192468529,
    "recall_C": 0.995919689119171,
    "f1_C": 0.9925874923346709,
    "support_C": 46320,
    "f05_I": 0.9015365318281592,
    "precision_I": 0.9240658899156288,
    "recall_I": 0.8214285714285714,
    "f1_I": 0.8697296275288334,
    "support_I": 2800,
    "eval_loss": 0.057901034258644686
}