{
    "f1_macro": 0.9889611968415948,
    "f1_macro_excl_c": 0.9791741472172352,
    "f1_precision_macro_excl_c": 0.9844765342960289,
    "f1_recall_macro_excl_c": 0.9739285714285715,
    "f1_micro_excl_c": 0.9791741472172352,
    "f1_precision_micro_excl_c": 0.9844765342960289,
    "f1_recall_micro_excl_c": 0.9739285714285715,
    "f1_weighted": 0.9791741472172352,
    "f1_precision_weighted": 0.9844765342960289,
    "f1_recall_weighted": 0.9739285714285715,
    "f1_precision_micro": 0.9976384364820847,
    "f05_precision_micro": 0.9976384364820847,
    "f05_recall_micro": 0.9976384364820847,
    "f05_macro": 0.9904514964149815,
    "f05_precision_weighted": 0.9844765342960289,
    "f05_recall_weighted": 0.9739285714285715,
    "f05_weighted": 0.9823487031700286,
    "binarised_f05_I": 0.9823487031700288,
    "binarised_f1_I": 0.9791741472172352,
    "binarised_precision_I": 0.9844765342960289,
    "binarised_recall_I": 0.9739285714285715,
    "binarised_support_I": 2800,
    "f05_C": 0.9985542896599344,
    "precision_C": 0.9984250269687163,
    "recall_C": 0.9990716753022453,
    "f1_C": 0.9987482464659544,
    "support_C": 46320,
    "f05_I": 0.9823487031700288,
    "precision_I": 0.9844765342960289,
    "recall_I": 0.9739285714285715,
    "f1_I": 0.9791741472172352,
    "support_I": 2800,
    "eval_loss": 0.03509485044262626
}