{
    "f1_macro": 0.998773961613048,
    "f1_macro_excl_c": 0.9976756660110851,
    "f1_precision_macro_excl_c": 0.9989258861439313,
    "f1_recall_macro_excl_c": 0.9964285714285714,
    "f1_micro_excl_c": 0.9976756660110851,
    "f1_precision_micro_excl_c": 0.9989258861439313,
    "f1_recall_micro_excl_c": 0.9964285714285714,
    "f1_weighted": 0.9976756660110853,
    "f1_precision_weighted": 0.9989258861439313,
    "f1_recall_weighted": 0.9964285714285714,
    "f1_precision_micro": 0.99975782414307,
    "f05_precision_micro": 0.99975782414307,
    "f05_recall_micro": 0.99975782414307,
    "f05_macro": 0.9991282078586177,
    "f05_precision_weighted": 0.9989258861439313,
    "f05_recall_weighted": 0.9964285714285714,
    "f05_weighted": 0.9984254222731176,
    "binarised_f05_I": 0.9984254222731176,
    "binarised_f1_I": 0.9976756660110851,
    "binarised_precision_I": 0.9989258861439313,
    "binarised_recall_I": 0.9964285714285714,
    "binarised_support_I": 2800,
    "f05_C": 0.9998309934441179,
    "precision_C": 0.9998034861555997,
    "recall_C": 0.9999410377358491,
    "f1_C": 0.9998722572150108,
    "support_C": 50880,
    "f05_I": 0.9984254222731176,
    "precision_I": 0.9989258861439313,
    "recall_I": 0.9964285714285714,
    "f1_I": 0.9976756660110851,
    "support_I": 2800,
    "eval_loss": 0.022072966401041907
}