{
    "f1_macro": 0.9041777685127976,
    "f1_macro_excl_c": 0.8179966672838364,
    "f1_precision_macro_excl_c": 0.8492887351018839,
    "f1_recall_macro_excl_c": 0.7889285714285714,
    "f1_micro_excl_c": 0.8179966672838364,
    "f1_precision_micro_excl_c": 0.8492887351018839,
    "f1_recall_micro_excl_c": 0.7889285714285714,
    "f1_weighted": 0.8179966672838362,
    "f1_precision_weighted": 0.8492887351018837,
    "f1_recall_weighted": 0.7889285714285714,
    "f1_precision_micro": 0.981687779433681,
    "f05_precision_micro": 0.981687779433681,
    "f05_recall_micro": 0.981687779433681,
    "f05_macro": 0.9128447002160236,
    "f05_precision_weighted": 0.8492887351018837,
    "f05_recall_weighted": 0.7889285714285714,
    "f05_weighted": 0.8364889427446228,
    "binarised_f05_I": 0.8364889427446228,
    "binarised_f1_I": 0.8179966672838364,
    "binarised_precision_I": 0.8492887351018839,
    "binarised_recall_I": 0.7889285714285714,
    "binarised_support_I": 2800,
    "f05_C": 0.9892004576874245,
    "precision_C": 0.9884296873470506,
    "recall_C": 0.9922955974842768,
    "f1_C": 0.9903588697417589,
    "support_C": 50880,
    "f05_I": 0.8364889427446228,
    "precision_I": 0.8492887351018839,
    "recall_I": 0.7889285714285714,
    "f1_I": 0.8179966672838364,
    "support_I": 2800,
    "eval_loss": 0.059844032268632545
}