{
    "f1_macro": 0.8847412758832668,
    "f1_macro_excl_c": 0.7822664180650508,
    "f1_precision_macro_excl_c": 0.9314257523433646,
    "f1_recall_macro_excl_c": 0.6742857142857143,
    "f1_micro_excl_c": 0.7822664180650508,
    "f1_precision_micro_excl_c": 0.9314257523433646,
    "f1_recall_micro_excl_c": 0.6742857142857143,
    "f1_weighted": 0.7822664180650508,
    "f1_precision_weighted": 0.9314257523433646,
    "f1_recall_weighted": 0.6742857142857143,
    "f1_precision_micro": 0.9758501838235294,
    "f05_precision_micro": 0.9758501838235294,
    "f05_recall_micro": 0.9758501838235294,
    "f05_macro": 0.92354896384432,
    "f05_precision_weighted": 0.9314257523433646,
    "f05_recall_weighted": 0.6742857142857143,
    "f05_weighted": 0.8654198753208655,
    "binarised_f05_I": 0.8654198753208655,
    "binarised_f1_I": 0.7822664180650508,
    "binarised_precision_I": 0.9314257523433646,
    "binarised_recall_I": 0.6742857142857143,
    "binarised_support_I": 2800,
    "f05_C": 0.9816780523677743,
    "precision_C": 0.978020388981274,
    "recall_C": 0.9965864440078586,
    "f1_C": 0.9872161337014828,
    "support_C": 40720,
    "f05_I": 0.8654198753208655,
    "precision_I": 0.9314257523433646,
    "recall_I": 0.6742857142857143,
    "f1_I": 0.7822664180650508,
    "support_I": 2800,
    "eval_loss": 0.07750001338056543
}