{
    "f1_macro": 0.9713734770367728,
    "f1_macro_excl_c": 0.9458806025664869,
    "f1_precision_macro_excl_c": 0.9868063639891347,
    "f1_recall_macro_excl_c": 0.9082142857142858,
    "f1_micro_excl_c": 0.9458806025664869,
    "f1_precision_micro_excl_c": 0.9868063639891347,
    "f1_recall_micro_excl_c": 0.9082142857142858,
    "f1_weighted": 0.945880602566487,
    "f1_precision_weighted": 0.9868063639891347,
    "f1_recall_weighted": 0.9082142857142858,
    "f1_precision_micro": 0.9940757328990228,
    "f05_precision_micro": 0.9940757328990228,
    "f05_recall_micro": 0.9940757328990228,
    "f05_macro": 0.9827252051594246,
    "f05_precision_weighted": 0.9868063639891347,
    "f05_recall_weighted": 0.9082142857142858,
    "f05_weighted": 0.9700183094293561,
    "binarised_f05_I": 0.9700183094293561,
    "binarised_f1_I": 0.9458806025664869,
    "binarised_precision_I": 0.9868063639891347,
    "binarised_recall_I": 0.9082142857142858,
    "binarised_support_I": 2800,
    "f05_C": 0.9954321008894931,
    "precision_C": 0.9944782244376168,
    "recall_C": 0.99926597582038,
    "f1_C": 0.9968663515070588,
    "support_C": 46320,
    "f05_I": 0.9700183094293561,
    "precision_I": 0.9868063639891347,
    "recall_I": 0.9082142857142858,
    "f1_I": 0.9458806025664869,
    "support_I": 2800,
    "eval_loss": 0.04104833457280289
}