{
    "f1_macro": 0.7749533893688705,
    "f1_macro_excl_c": 0.573321554770318,
    "f1_precision_macro_excl_c": 0.7511574074074074,
    "f1_recall_macro_excl_c": 0.4635714285714286,
    "f1_micro_excl_c": 0.573321554770318,
    "f1_precision_micro_excl_c": 0.7511574074074074,
    "f1_recall_micro_excl_c": 0.4635714285714286,
    "f1_weighted": 0.573321554770318,
    "f1_precision_weighted": 0.7511574074074074,
    "f1_recall_weighted": 0.4635714285714286,
    "f1_precision_micro": 0.9556066176470588,
    "f05_precision_micro": 0.9556066176470588,
    "f05_recall_micro": 0.9556066176470588,
    "f05_macro": 0.8186384355230691,
    "f05_precision_weighted": 0.7511574074074074,
    "f05_recall_weighted": 0.4635714285714286,
    "f05_weighted": 0.6682454695222406,
    "binarised_f05_I": 0.6682454695222406,
    "binarised_f1_I": 0.573321554770318,
    "binarised_precision_I": 0.7511574074074074,
    "binarised_recall_I": 0.4635714285714286,
    "binarised_support_I": 2800,
    "f05_C": 0.9690314015238976,
    "precision_C": 0.9640601071975498,
    "recall_C": 0.9894400785854617,
    "f1_C": 0.9765852239674229,
    "support_C": 40720,
    "f05_I": 0.6682454695222406,
    "precision_I": 0.7511574074074074,
    "recall_I": 0.4635714285714286,
    "f1_I": 0.573321554770318,
    "support_I": 2800,
    "eval_loss": 0.10683506176891652
}