{
    "f1_macro": 0.9260766550522648,
    "f1_macro_excl_c": 0.8607142857142858,
    "f1_precision_macro_excl_c": 0.9683035714285714,
    "f1_recall_macro_excl_c": 0.7746428571428572,
    "f1_micro_excl_c": 0.8607142857142858,
    "f1_precision_micro_excl_c": 0.9683035714285714,
    "f1_recall_micro_excl_c": 0.7746428571428572,
    "f1_weighted": 0.8607142857142858,
    "f1_precision_weighted": 0.9683035714285714,
    "f1_recall_weighted": 0.7746428571428572,
    "f1_precision_micro": 0.9838694852941177,
    "f05_precision_micro": 0.9838694852941177,
    "f05_recall_micro": 0.9838694852941177,
    "f05_macro": 0.9547934992107996,
    "f05_precision_weighted": 0.9683035714285714,
    "f05_recall_weighted": 0.7746428571428572,
    "f05_weighted": 0.9221938775510201,
    "binarised_f05_I": 0.9221938775510202,
    "binarised_f1_I": 0.8607142857142858,
    "binarised_precision_I": 0.9683035714285714,
    "binarised_recall_I": 0.7746428571428572,
    "binarised_support_I": 2800,
    "f05_C": 0.9873931208705791,
    "precision_C": 0.9847141472868217,
    "recall_C": 0.9982563850687622,
    "f1_C": 0.9914390243902439,
    "support_C": 40720,
    "f05_I": 0.9221938775510202,
    "precision_I": 0.9683035714285714,
    "recall_I": 0.7746428571428572,
    "f1_I": 0.8607142857142858,
    "support_I": 2800,
    "eval_loss": 0.05616636282171716
}