{
    "f1_macro": 0.9303607875121853,
    "f1_macro_excl_c": 0.8672496025437202,
    "f1_precision_macro_excl_c": 0.9775985663082437,
    "f1_recall_macro_excl_c": 0.7792857142857142,
    "f1_micro_excl_c": 0.8672496025437202,
    "f1_precision_micro_excl_c": 0.9775985663082437,
    "f1_recall_micro_excl_c": 0.7792857142857142,
    "f1_weighted": 0.8672496025437202,
    "f1_precision_weighted": 0.9775985663082437,
    "f1_recall_weighted": 0.7792857142857142,
    "f1_precision_micro": 0.9875558867362146,
    "f05_precision_micro": 0.9875558867362146,
    "f05_recall_micro": 0.9875558867362146,
    "f05_macro": 0.9602133087973539,
    "f05_precision_weighted": 0.9775985663082437,
    "f05_recall_weighted": 0.7792857142857142,
    "f05_weighted": 0.9302523874488404,
    "binarised_f05_I": 0.9302523874488404,
    "binarised_f1_I": 0.8672496025437202,
    "binarised_precision_I": 0.9775985663082437,
    "binarised_recall_I": 0.7792857142857142,
    "binarised_support_I": 2800,
    "f05_C": 0.9901742301458673,
    "precision_C": 0.9879878712486394,
    "recall_C": 0.9990172955974843,
    "f1_C": 0.9934719724806506,
    "support_C": 50880,
    "f05_I": 0.9302523874488404,
    "precision_I": 0.9775985663082437,
    "recall_I": 0.7792857142857142,
    "f1_I": 0.8672496025437202,
    "support_I": 2800,
    "eval_loss": 0.05337255384603685
}