{
    "f1_macro": 0.9891856094689607,
    "f1_macro_excl_c": 0.9794806609769384,
    "f1_precision_macro_excl_c": 0.9963058736608792,
    "f1_recall_macro_excl_c": 0.9632142857142857,
    "f1_micro_excl_c": 0.9794806609769384,
    "f1_precision_micro_excl_c": 0.9963058736608792,
    "f1_recall_micro_excl_c": 0.9632142857142857,
    "f1_weighted": 0.9794806609769383,
    "f1_precision_weighted": 0.9963058736608792,
    "f1_recall_weighted": 0.9632142857142857,
    "f1_precision_micro": 0.9978949329359166,
    "f05_precision_micro": 0.9978949329359166,
    "f05_recall_micro": 0.9978949329359166,
    "f05_macro": 0.9939252573009092,
    "f05_precision_weighted": 0.9963058736608792,
    "f05_recall_weighted": 0.9632142857142857,
    "f05_weighted": 0.9895068975638391,
    "binarised_f05_I": 0.9895068975638391,
    "binarised_f1_I": 0.9794806609769384,
    "binarised_precision_I": 0.9963058736608792,
    "binarised_recall_I": 0.9632142857142857,
    "binarised_support_I": 2800,
    "f05_C": 0.9983436170379791,
    "precision_C": 0.9979793223863614,
    "recall_C": 0.9998034591194969,
    "f1_C": 0.998890557960983,
    "support_C": 50880,
    "f05_I": 0.9895068975638391,
    "precision_I": 0.9963058736608792,
    "recall_I": 0.9632142857142857,
    "f1_I": 0.9794806609769384,
    "support_I": 2800,
    "eval_loss": 0.03185048678212545
}