{
    "f1_macro": 0.9167221012705185,
    "f1_macro_excl_c": 0.8418940609951847,
    "f1_precision_macro_excl_c": 0.9606227106227107,
    "f1_recall_macro_excl_c": 0.7492857142857143,
    "f1_micro_excl_c": 0.8418940609951847,
    "f1_precision_micro_excl_c": 0.9606227106227107,
    "f1_recall_micro_excl_c": 0.7492857142857143,
    "f1_weighted": 0.8418940609951846,
    "f1_precision_weighted": 0.9606227106227107,
    "f1_recall_weighted": 0.7492857142857143,
    "f1_precision_micro": 0.983957654723127,
    "f05_precision_micro": 0.983957654723127,
    "f05_recall_micro": 0.983957654723127,
    "f05_macro": 0.9484815917199028,
    "f05_precision_weighted": 0.9606227106227107,
    "f05_recall_weighted": 0.7492857142857143,
    "f05_weighted": 0.9093273231622746,
    "binarised_f05_I": 0.9093273231622746,
    "binarised_f1_I": 0.8418940609951847,
    "binarised_precision_I": 0.9606227106227107,
    "binarised_recall_I": 0.7492857142857143,
    "binarised_support_I": 2800,
    "f05_C": 0.9876358602775309,
    "precision_C": 0.9850434634395773,
    "recall_C": 0.9981433506044906,
    "f1_C": 0.9915501415458523,
    "support_C": 46320,
    "f05_I": 0.9093273231622746,
    "precision_I": 0.9606227106227107,
    "recall_I": 0.7492857142857143,
    "f1_I": 0.8418940609951847,
    "support_I": 2800,
    "eval_loss": 0.05104855071245269
}