{
    "f1_macro": 0.8805869896144556,
    "f1_macro_excl_c": 0.7733705401634443,
    "f1_precision_macro_excl_c": 0.8750563824988723,
    "f1_recall_macro_excl_c": 0.6928571428571428,
    "f1_micro_excl_c": 0.7733705401634443,
    "f1_precision_micro_excl_c": 0.8750563824988723,
    "f1_recall_micro_excl_c": 0.6928571428571428,
    "f1_weighted": 0.7733705401634443,
    "f1_precision_weighted": 0.8750563824988723,
    "f1_recall_weighted": 0.6928571428571428,
    "f1_precision_micro": 0.9768526058631922,
    "f05_precision_micro": 0.9768526058631922,
    "f05_recall_micro": 0.9768526058631922,
    "f05_macro": 0.9077221645550728,
    "f05_precision_weighted": 0.8750563824988723,
    "f05_recall_weighted": 0.6928571428571428,
    "f05_weighted": 0.8313335618786424,
    "binarised_f05_I": 0.8313335618786424,
    "binarised_f1_I": 0.7733705401634443,
    "binarised_precision_I": 0.8750563824988723,
    "binarised_recall_I": 0.6928571428571428,
    "binarised_support_I": 2800,
    "f05_C": 0.9841107672315033,
    "precision_C": 0.9816642858665757,
    "recall_C": 0.9940198618307426,
    "f1_C": 0.9878034390654667,
    "support_C": 46320,
    "f05_I": 0.8313335618786424,
    "precision_I": 0.8750563824988723,
    "recall_I": 0.6928571428571428,
    "f1_I": 0.7733705401634443,
    "support_I": 2800,
    "eval_loss": 0.07812475506216288
}