{
    "f1_macro": 0.9107082498236531,
    "f1_macro_excl_c": 0.8308359621451105,
    "f1_precision_macro_excl_c": 0.9273767605633803,
    "f1_recall_macro_excl_c": 0.7525,
    "f1_micro_excl_c": 0.8308359621451105,
    "f1_precision_micro_excl_c": 0.9273767605633803,
    "f1_recall_micro_excl_c": 0.7525,
    "f1_weighted": 0.8308359621451105,
    "f1_precision_weighted": 0.9273767605633803,
    "f1_recall_weighted": 0.7525,
    "f1_precision_micro": 0.9821547420965058,
    "f05_precision_micro": 0.9821547420965058,
    "f05_recall_micro": 0.9821547420965058,
    "f05_macro": 0.9366675178244863,
    "f05_precision_weighted": 0.9273767605633803,
    "f05_recall_weighted": 0.7525,
    "f05_weighted": 0.8861877523553162,
    "binarised_f05_I": 0.8861877523553162,
    "binarised_f1_I": 0.8308359621451105,
    "binarised_precision_I": 0.9273767605633803,
    "binarised_recall_I": 0.7525,
    "binarised_support_I": 2800,
    "f05_C": 0.9871472832936563,
    "precision_C": 0.9848716381418093,
    "recall_C": 0.9963560070671378,
    "f1_C": 0.9905805375021957,
    "support_C": 45280,
    "f05_I": 0.8861877523553162,
    "precision_I": 0.9273767605633803,
    "recall_I": 0.7525,
    "f1_I": 0.8308359621451105,
    "support_I": 2800,
    "eval_loss": 0.06706153389743784
}