{
    "f1_macro": 0.9555432242498955,
    "f1_macro_excl_c": 0.9159538862030495,
    "f1_precision_macro_excl_c": 0.9553917765709853,
    "f1_recall_macro_excl_c": 0.8796428571428572,
    "f1_micro_excl_c": 0.9159538862030495,
    "f1_precision_micro_excl_c": 0.9553917765709853,
    "f1_recall_micro_excl_c": 0.8796428571428572,
    "f1_weighted": 0.9159538862030495,
    "f1_precision_weighted": 0.9553917765709853,
    "f1_recall_weighted": 0.8796428571428572,
    "f1_precision_micro": 0.9907980456026059,
    "f05_precision_micro": 0.9907980456026059,
    "f05_recall_micro": 0.9907980456026059,
    "f05_macro": 0.966461593724538,
    "f05_precision_weighted": 0.9553917765709853,
    "f05_recall_weighted": 0.8796428571428572,
    "f05_weighted": 0.9392159853569251,
    "binarised_f05_I": 0.9392159853569251,
    "binarised_f1_I": 0.9159538862030495,
    "binarised_precision_I": 0.9553917765709853,
    "binarised_recall_I": 0.8796428571428572,
    "binarised_support_I": 2800,
    "f05_C": 0.993707202092151,
    "precision_C": 0.9927592282239698,
    "recall_C": 0.9975172711571675,
    "f1_C": 0.9951325622967414,
    "support_C": 46320,
    "f05_I": 0.9392159853569251,
    "precision_I": 0.9553917765709853,
    "recall_I": 0.8796428571428572,
    "f1_I": 0.9159538862030495,
    "support_I": 2800,
    "eval_loss": 0.04696341925723986
}