{
    "f1_macro": 0.9761452133524536,
    "f1_macro_excl_c": 0.9548807685709383,
    "f1_precision_macro_excl_c": 0.9187850775833608,
    "f1_recall_macro_excl_c": 0.9939285714285714,
    "f1_micro_excl_c": 0.9548807685709383,
    "f1_precision_micro_excl_c": 0.9187850775833608,
    "f1_recall_micro_excl_c": 0.9939285714285714,
    "f1_weighted": 0.9548807685709383,
    "f1_precision_weighted": 0.9187850775833608,
    "f1_recall_weighted": 0.9939285714285714,
    "f1_precision_micro": 0.9951005961251863,
    "f05_precision_micro": 0.9951005961251863,
    "f05_recall_micro": 0.9951005961251863,
    "f05_macro": 0.9658260592477628,
    "f05_precision_weighted": 0.9187850775833608,
    "f05_recall_weighted": 0.9939285714285714,
    "f05_weighted": 0.932890855457227,
    "binarised_f05_I": 0.9328908554572272,
    "binarised_f1_I": 0.9548807685709383,
    "binarised_precision_I": 0.9187850775833608,
    "binarised_recall_I": 0.9939285714285714,
    "binarised_support_I": 2800,
    "f05_C": 0.9987612630382983,
    "precision_C": 0.9996643699038519,
    "recall_C": 0.9951650943396226,
    "f1_C": 0.997409658133969,
    "support_C": 50880,
    "f05_I": 0.9328908554572272,
    "precision_I": 0.9187850775833608,
    "recall_I": 0.9939285714285714,
    "f1_I": 0.9548807685709383,
    "support_I": 2800,
    "eval_loss": 0.0419738792644983
}