{
    "f1_macro": 0.8958677426768904,
    "f1_macro_excl_c": 0.8050682261208577,
    "f1_precision_macro_excl_c": 0.7383790226460072,
    "f1_recall_macro_excl_c": 0.885,
    "f1_micro_excl_c": 0.8050682261208577,
    "f1_precision_micro_excl_c": 0.7383790226460072,
    "f1_recall_micro_excl_c": 0.885,
    "f1_weighted": 0.8050682261208577,
    "f1_precision_weighted": 0.7383790226460073,
    "f1_recall_weighted": 0.885,
    "f1_precision_micro": 0.9750415973377704,
    "f05_precision_micro": 0.9750415973377704,
    "f05_recall_micro": 0.9750415973377704,
    "f05_macro": 0.8770106903536063,
    "f05_precision_weighted": 0.7383790226460073,
    "f05_recall_weighted": 0.885,
    "f05_weighted": 0.7636834319526626,
    "binarised_f05_I": 0.7636834319526628,
    "binarised_f1_I": 0.8050682261208577,
    "binarised_precision_I": 0.7383790226460072,
    "binarised_recall_I": 0.885,
    "binarised_support_I": 2800,
    "f05_C": 0.9903379487545498,
    "precision_C": 0.9928002861998032,
    "recall_C": 0.9806095406360424,
    "f1_C": 0.986667259232923,
    "support_C": 45280,
    "f05_I": 0.7636834319526628,
    "precision_I": 0.7383790226460072,
    "recall_I": 0.885,
    "f1_I": 0.8050682261208577,
    "support_I": 2800,
    "eval_loss": 0.07195565697144378
}