{
    "f1_macro": 0.9670910850078294,
    "f1_macro_excl_c": 0.9374767398585783,
    "f1_precision_macro_excl_c": 0.9786324786324786,
    "f1_recall_macro_excl_c": 0.8996428571428572,
    "f1_micro_excl_c": 0.9374767398585783,
    "f1_precision_micro_excl_c": 0.9786324786324786,
    "f1_recall_micro_excl_c": 0.8996428571428572,
    "f1_weighted": 0.9374767398585783,
    "f1_precision_weighted": 0.9786324786324786,
    "f1_recall_weighted": 0.8996428571428572,
    "f1_precision_micro": 0.9937406855439642,
    "f05_precision_micro": 0.9937406855439642,
    "f05_recall_micro": 0.9937406855439642,
    "f05_macro": 0.9785630099900691,
    "f05_precision_weighted": 0.9786324786324786,
    "f05_recall_weighted": 0.8996428571428572,
    "f05_weighted": 0.9617440439828956,
    "binarised_f05_I": 0.9617440439828955,
    "binarised_f1_I": 0.9374767398585783,
    "binarised_precision_I": 0.9786324786324786,
    "binarised_recall_I": 0.8996428571428572,
    "binarised_support_I": 2800,
    "f05_C": 0.9953819759972427,
    "precision_C": 0.9945016240754511,
    "recall_C": 0.9989190251572327,
    "f1_C": 0.9967054301570805,
    "support_C": 50880,
    "f05_I": 0.9617440439828955,
    "precision_I": 0.9786324786324786,
    "recall_I": 0.8996428571428572,
    "f1_I": 0.9374767398585783,
    "support_I": 2800,
    "eval_loss": 0.03842297835614194
}