{
    "f1_macro": 0.9747405485464801,
    "f1_macro_excl_c": 0.9526431718061674,
    "f1_precision_macro_excl_c": 0.9799848942598187,
    "f1_recall_macro_excl_c": 0.9267857142857143,
    "f1_micro_excl_c": 0.9526431718061674,
    "f1_precision_micro_excl_c": 0.9799848942598187,
    "f1_recall_micro_excl_c": 0.9267857142857143,
    "f1_weighted": 0.9526431718061674,
    "f1_precision_weighted": 0.9799848942598187,
    "f1_recall_weighted": 0.9267857142857143,
    "f1_precision_micro": 0.9940716911764705,
    "f05_precision_micro": 0.9940716911764705,
    "f05_recall_micro": 0.9940716911764705,
    "f05_macro": 0.9822934771406033,
    "f05_precision_weighted": 0.9799848942598187,
    "f05_recall_weighted": 0.9267857142857143,
    "f05_weighted": 0.9688620071684586,
    "binarised_f05_I": 0.9688620071684586,
    "binarised_f1_I": 0.9526431718061674,
    "binarised_precision_I": 0.9799848942598187,
    "binarised_recall_I": 0.9267857142857143,
    "binarised_support_I": 2800,
    "f05_C": 0.995724947112748,
    "precision_C": 0.9949843413583872,
    "recall_C": 0.9986984282907662,
    "f1_C": 0.9968379252867927,
    "support_C": 40720,
    "f05_I": 0.9688620071684586,
    "precision_I": 0.9799848942598187,
    "recall_I": 0.9267857142857143,
    "f1_I": 0.9526431718061674,
    "support_I": 2800,
    "eval_loss": 0.04446765716949647
}