{
    "f1_macro": 0.9359347979269489,
    "f1_macro_excl_c": 0.8797005274800069,
    "f1_precision_macro_excl_c": 0.840103997400065,
    "f1_recall_macro_excl_c": 0.9232142857142858,
    "f1_micro_excl_c": 0.8797005274800069,
    "f1_precision_micro_excl_c": 0.840103997400065,
    "f1_recall_micro_excl_c": 0.9232142857142858,
    "f1_weighted": 0.8797005274800069,
    "f1_precision_weighted": 0.840103997400065,
    "f1_recall_weighted": 0.9232142857142858,
    "f1_precision_micro": 0.9852953410981697,
    "f05_precision_micro": 0.9852953410981697,
    "f05_recall_micro": 0.9852953410981697,
    "f05_macro": 0.9247529576783737,
    "f05_precision_weighted": 0.840103997400065,
    "f05_recall_weighted": 0.9232142857142858,
    "f05_weighted": 0.8555070161503839,
    "binarised_f05_I": 0.8555070161503839,
    "binarised_f1_I": 0.8797005274800069,
    "binarised_precision_I": 0.840103997400065,
    "binarised_recall_I": 0.9232142857142858,
    "binarised_support_I": 2800,
    "f05_C": 0.9939988992063634,
    "precision_C": 0.9952225407195076,
    "recall_C": 0.9891342756183745,
    "f1_C": 0.9921690683738909,
    "support_C": 45280,
    "f05_I": 0.8555070161503839,
    "precision_I": 0.840103997400065,
    "recall_I": 0.9232142857142858,
    "f1_I": 0.8797005274800069,
    "support_I": 2800,
    "eval_loss": 0.053599797443232754
}