{
    "f1_macro": 0.9481621975701153,
    "f1_macro_excl_c": 0.9018380915134925,
    "f1_precision_macro_excl_c": 0.996542783059637,
    "f1_recall_macro_excl_c": 0.8235714285714286,
    "f1_micro_excl_c": 0.9018380915134925,
    "f1_precision_micro_excl_c": 0.996542783059637,
    "f1_recall_micro_excl_c": 0.8235714285714286,
    "f1_weighted": 0.9018380915134926,
    "f1_precision_weighted": 0.996542783059637,
    "f1_recall_weighted": 0.8235714285714286,
    "f1_precision_micro": 0.9895590682196339,
    "f05_precision_micro": 0.9895590682196339,
    "f05_recall_micro": 0.9895590682196339,
    "f05_macro": 0.9738408134308633,
    "f05_precision_weighted": 0.996542783059637,
    "f05_recall_weighted": 0.8235714285714286,
    "f05_weighted": 0.9563702720637026,
    "binarised_f05_I": 0.9563702720637026,
    "binarised_f1_I": 0.9018380915134925,
    "binarised_precision_I": 0.996542783059637,
    "binarised_recall_I": 0.8235714285714286,
    "binarised_support_I": 2800,
    "f05_C": 0.9913113547980239,
    "precision_C": 0.9892059607568937,
    "recall_C": 0.9998233215547703,
    "f1_C": 0.9944863036267381,
    "support_C": 45280,
    "f05_I": 0.9563702720637026,
    "precision_I": 0.996542783059637,
    "recall_I": 0.8235714285714286,
    "f1_I": 0.9018380915134925,
    "support_I": 2800,
    "eval_loss": 0.0456480984152718
}