{
    "f1_macro": 0.9941617590133365,
    "f1_macro_excl_c": 0.988979736935656,
    "f1_precision_macro_excl_c": 0.9844302901627743,
    "f1_recall_macro_excl_c": 0.9935714285714285,
    "f1_micro_excl_c": 0.988979736935656,
    "f1_precision_micro_excl_c": 0.9844302901627743,
    "f1_recall_micro_excl_c": 0.9935714285714285,
    "f1_weighted": 0.988979736935656,
    "f1_precision_weighted": 0.9844302901627743,
    "f1_recall_weighted": 0.9935714285714285,
    "f1_precision_micro": 0.9987613212573255,
    "f05_precision_micro": 0.9987613212573255,
    "f05_recall_micro": 0.9987613212573255,
    "f05_macro": 0.9928769250017115,
    "f05_precision_weighted": 0.9844302901627743,
    "f05_recall_weighted": 0.9935714285714285,
    "f05_weighted": 0.9862450368689732,
    "binarised_f05_I": 0.9862450368689734,
    "binarised_f1_I": 0.988979736935656,
    "binarised_precision_I": 0.9844302901627743,
    "binarised_recall_I": 0.9935714285714285,
    "binarised_support_I": 4200,
    "f05_C": 0.9995088131344497,
    "precision_C": 0.9996188647816943,
    "recall_C": 0.999068848758465,
    "f1_C": 0.999343781091017,
    "support_C": 70880,
    "f05_I": 0.9862450368689734,
    "precision_I": 0.9844302901627743,
    "recall_I": 0.9935714285714285,
    "f1_I": 0.988979736935656,
    "support_I": 4200,
    "eval_loss": 0.019002037616728834
}