{
    "f1_macro": 0.9938111203258491,
    "f1_macro_excl_c": 0.9883515707730322,
    "f1_precision_macro_excl_c": 0.9769713886950454,
    "f1_recall_macro_excl_c": 1.0,
    "f1_micro_excl_c": 0.9883515707730322,
    "f1_precision_micro_excl_c": 0.9769713886950454,
    "f1_recall_micro_excl_c": 1.0,
    "f1_weighted": 0.9883515707730322,
    "f1_precision_weighted": 0.9769713886950454,
    "f1_recall_weighted": 1.0,
    "f1_precision_micro": 0.9986272878535774,
    "f05_precision_micro": 0.9986272878535774,
    "f05_recall_micro": 0.9986272878535774,
    "f05_macro": 0.9906000039365033,
    "f05_precision_weighted": 0.9769713886950454,
    "f05_recall_weighted": 1.0,
    "f05_weighted": 0.9814918676388109,
    "binarised_f05_I": 0.9814918676388109,
    "binarised_f1_I": 0.9883515707730322,
    "binarised_precision_I": 0.9769713886950454,
    "binarised_recall_I": 1.0,
    "binarised_support_I": 1400,
    "f05_C": 0.9997081402341955,
    "precision_C": 1.0,
    "recall_C": 0.9985424028268551,
    "f1_C": 0.9992706698786661,
    "support_C": 22640,
    "f05_I": 0.9814918676388109,
    "precision_I": 0.9769713886950454,
    "recall_I": 1.0,
    "f1_I": 0.9883515707730322,
    "support_I": 1400,
    "eval_loss": 0.023734827822243624
}