{
    "f1_macro": 0.9002177913413554,
    "f1_macro_excl_c": 0.8102702702702702,
    "f1_precision_macro_excl_c": 0.936875,
    "f1_recall_macro_excl_c": 0.7138095238095238,
    "f1_micro_excl_c": 0.8102702702702702,
    "f1_precision_micro_excl_c": 0.936875,
    "f1_recall_micro_excl_c": 0.7138095238095238,
    "f1_weighted": 0.8102702702702702,
    "f1_precision_weighted": 0.936875,
    "f1_recall_weighted": 0.7138095238095238,
    "f1_precision_micro": 0.981299946723495,
    "f05_precision_micro": 0.981299946723495,
    "f05_recall_micro": 0.981299946723495,
    "f05_macro": 0.9338929556197478,
    "f05_precision_weighted": 0.936875,
    "f05_recall_weighted": 0.7138095238095238,
    "f05_weighted": 0.8817647058823529,
    "binarised_f05_I": 0.8817647058823529,
    "binarised_f1_I": 0.8102702702702702,
    "binarised_precision_I": 0.936875,
    "binarised_recall_I": 0.7138095238095238,
    "binarised_support_I": 4200,
    "f05_C": 0.9860212053571428,
    "precision_C": 0.9832776850306065,
    "recall_C": 0.9971501128668172,
    "f1_C": 0.9901653124124404,
    "support_C": 70880,
    "f05_I": 0.8817647058823529,
    "precision_I": 0.936875,
    "recall_I": 0.7138095238095238,
    "f1_I": 0.8102702702702702,
    "support_I": 4200,
    "eval_loss": 0.06149035824857878
}