{
    "f1_macro": 0.9249447203419572,
    "f1_macro_excl_c": 0.8587530820711518,
    "f1_precision_macro_excl_c": 0.8471160528144545,
    "f1_recall_macro_excl_c": 0.8707142857142857,
    "f1_micro_excl_c": 0.8587530820711518,
    "f1_precision_micro_excl_c": 0.8471160528144545,
    "f1_recall_micro_excl_c": 0.8707142857142857,
    "f1_weighted": 0.8587530820711518,
    "f1_precision_weighted": 0.8471160528144546,
    "f1_recall_weighted": 0.8707142857142857,
    "f1_precision_micro": 0.9833194675540765,
    "f05_precision_micro": 0.9833194675540765,
    "f05_recall_micro": 0.9833194675540765,
    "f05_macro": 0.9216910404688359,
    "f05_precision_weighted": 0.8471160528144546,
    "f05_recall_weighted": 0.8707142857142857,
    "f05_weighted": 0.8517328116266072,
    "binarised_f05_I": 0.8517328116266071,
    "binarised_f1_I": 0.8587530820711518,
    "binarised_precision_I": 0.8471160528144545,
    "binarised_recall_I": 0.8707142857142857,
    "binarised_support_I": 1400,
    "f05_C": 0.9916492693110648,
    "precision_C": 0.9919915048006726,
    "recall_C": 0.9902826855123675,
    "f1_C": 0.9911363586127627,
    "support_C": 22640,
    "f05_I": 0.8517328116266071,
    "precision_I": 0.8471160528144545,
    "recall_I": 0.8707142857142857,
    "f1_I": 0.8587530820711518,
    "support_I": 1400,
    "eval_loss": 0.05459847453642975
}