{
    "f1_macro": 0.9578711098477761,
    "f1_macro_excl_c": 0.9202300575143786,
    "f1_precision_macro_excl_c": 0.9689310163243813,
    "f1_recall_macro_excl_c": 0.8761904761904762,
    "f1_micro_excl_c": 0.9202300575143786,
    "f1_precision_micro_excl_c": 0.9689310163243813,
    "f1_recall_micro_excl_c": 0.8761904761904762,
    "f1_weighted": 0.9202300575143786,
    "f1_precision_weighted": 0.9689310163243813,
    "f1_recall_weighted": 0.8761904761904762,
    "f1_precision_micro": 0.9915023974427277,
    "f05_precision_micro": 0.9915023974427277,
    "f05_recall_micro": 0.9915023974427277,
    "f05_macro": 0.9713354329635342,
    "f05_precision_weighted": 0.9689310163243813,
    "f05_recall_weighted": 0.8761904761904762,
    "f05_weighted": 0.9488448844884487,
    "binarised_f05_I": 0.9488448844884487,
    "binarised_f1_I": 0.9202300575143786,
    "binarised_precision_I": 0.9689310163243813,
    "binarised_recall_I": 0.8761904761904762,
    "binarised_support_I": 4200,
    "f05_C": 0.9938259814386196,
    "precision_C": 0.9927050307230437,
    "recall_C": 0.9983352144469526,
    "f1_C": 0.9955121621811737,
    "support_C": 70880,
    "f05_I": 0.9488448844884487,
    "precision_I": 0.9689310163243813,
    "recall_I": 0.8761904761904762,
    "f1_I": 0.9202300575143786,
    "support_I": 4200,
    "eval_loss": 0.03992606846220566
}