{
    "f1_macro": 0.9785530868868899,
    "f1_macro_excl_c": 0.9595045259647451,
    "f1_precision_macro_excl_c": 0.9599618684461392,
    "f1_recall_macro_excl_c": 0.959047619047619,
    "f1_micro_excl_c": 0.9595045259647451,
    "f1_precision_micro_excl_c": 0.9599618684461392,
    "f1_recall_micro_excl_c": 0.959047619047619,
    "f1_weighted": 0.9595045259647451,
    "f1_precision_weighted": 0.9599618684461392,
    "f1_recall_weighted": 0.959047619047619,
    "f1_precision_micro": 0.9954714970697922,
    "f05_precision_micro": 0.9954714970697922,
    "f05_recall_micro": 0.9954714970697922,
    "f05_macro": 0.9786818191495508,
    "f05_precision_weighted": 0.9599618684461392,
    "f05_recall_weighted": 0.959047619047619,
    "f05_weighted": 0.9597788791460159,
    "binarised_f05_I": 0.9597788791460159,
    "binarised_f1_I": 0.9595045259647451,
    "binarised_precision_I": 0.9599618684461392,
    "binarised_recall_I": 0.959047619047619,
    "binarised_support_I": 4200,
    "f05_C": 0.9975847591530855,
    "precision_C": 0.9975735003667965,
    "recall_C": 0.9976297968397291,
    "f1_C": 0.9976016478090347,
    "support_C": 70880,
    "f05_I": 0.9597788791460159,
    "precision_I": 0.9599618684461392,
    "recall_I": 0.959047619047619,
    "f1_I": 0.9595045259647451,
    "support_I": 4200,
    "eval_loss": 0.03566941356455738
}