{
    "f1_macro": 0.986435040177571,
    "f1_macro_excl_c": 0.9744844459979028,
    "f1_precision_macro_excl_c": 0.9541409993155373,
    "f1_recall_macro_excl_c": 0.9957142857142857,
    "f1_micro_excl_c": 0.9744844459979028,
    "f1_precision_micro_excl_c": 0.9541409993155373,
    "f1_recall_micro_excl_c": 0.9957142857142857,
    "f1_weighted": 0.9744844459979028,
    "f1_precision_weighted": 0.9541409993155373,
    "f1_recall_weighted": 0.9957142857142857,
    "f1_precision_micro": 0.996963394342762,
    "f05_precision_micro": 0.996963394342762,
    "f05_recall_micro": 0.996963394342762,
    "f05_macro": 0.9806849850830536,
    "f05_precision_weighted": 0.9541409993155373,
    "f05_recall_weighted": 0.9957142857142857,
    "f05_weighted": 0.962175593594699,
    "binarised_f05_I": 0.962175593594699,
    "binarised_f1_I": 0.9744844459979028,
    "binarised_precision_I": 0.9541409993155373,
    "binarised_recall_I": 0.9957142857142857,
    "binarised_support_I": 1400,
    "f05_C": 0.9991943765714082,
    "precision_C": 0.9997342663536914,
    "recall_C": 0.9970406360424028,
    "f1_C": 0.9983856343572391,
    "support_C": 22640,
    "f05_I": 0.962175593594699,
    "precision_I": 0.9541409993155373,
    "recall_I": 0.9957142857142857,
    "f1_I": 0.9744844459979028,
    "support_I": 1400,
    "eval_loss": 0.03840026598085056
}