{
    "f1_macro": 0.9145122292293355,
    "f1_macro_excl_c": 0.8403149606299213,
    "f1_precision_macro_excl_c": 0.7515492957746479,
    "f1_recall_macro_excl_c": 0.9528571428571428,
    "f1_micro_excl_c": 0.8403149606299213,
    "f1_precision_micro_excl_c": 0.7515492957746479,
    "f1_recall_micro_excl_c": 0.9528571428571428,
    "f1_weighted": 0.8403149606299214,
    "f1_precision_weighted": 0.7515492957746479,
    "f1_recall_weighted": 0.9528571428571428,
    "f1_precision_micro": 0.978910149750416,
    "f05_precision_micro": 0.978910149750416,
    "f05_recall_micro": 0.978910149750416,
    "f05_macro": 0.8891971667807678,
    "f05_precision_weighted": 0.7515492957746479,
    "f05_recall_weighted": 0.9528571428571428,
    "f05_weighted": 0.7847058823529411,
    "binarised_f05_I": 0.7847058823529411,
    "binarised_f1_I": 0.8403149606299213,
    "binarised_precision_I": 0.7515492957746479,
    "binarised_recall_I": 0.9528571428571428,
    "binarised_support_I": 1400,
    "f05_C": 0.9936884512085944,
    "precision_C": 0.997035706265439,
    "recall_C": 0.9805212014134276,
    "f1_C": 0.9887094978287496,
    "support_C": 22640,
    "f05_I": 0.7847058823529411,
    "precision_I": 0.7515492957746479,
    "recall_I": 0.9528571428571428,
    "f1_I": 0.8403149606299213,
    "support_I": 1400,
    "eval_loss": 0.051637322049249305
}