{
    "f1_macro": 0.8839994906324118,
    "f1_macro_excl_c": 0.7868217054263567,
    "f1_precision_macro_excl_c": 0.6633986928104575,
    "f1_recall_macro_excl_c": 0.9666666666666667,
    "f1_micro_excl_c": 0.7868217054263567,
    "f1_precision_micro_excl_c": 0.6633986928104575,
    "f1_recall_micro_excl_c": 0.9666666666666667,
    "f1_weighted": 0.7868217054263567,
    "f1_precision_weighted": 0.6633986928104575,
    "f1_recall_weighted": 0.9666666666666667,
    "f1_precision_micro": 0.9654088050314465,
    "f05_precision_micro": 0.9654088050314465,
    "f05_recall_micro": 0.9654088050314465,
    "f05_macro": 0.8493773019638604,
    "f05_precision_weighted": 0.6633986928104575,
    "f05_recall_weighted": 0.9666666666666667,
    "f05_weighted": 0.707810320781032,
    "binarised_f05_I": 0.707810320781032,
    "binarised_f1_I": 0.7868217054263567,
    "binarised_precision_I": 0.6633986928104575,
    "binarised_recall_I": 0.9666666666666667,
    "binarised_support_I": 420,
    "f05_C": 0.9909442831466888,
    "precision_C": 0.9975643702157272,
    "recall_C": 0.9653198653198654,
    "f1_C": 0.9811772758384668,
    "support_C": 5940,
    "f05_I": 0.707810320781032,
    "precision_I": 0.6633986928104575,
    "recall_I": 0.9666666666666667,
    "f1_I": 0.7868217054263567,
    "support_I": 420,
    "eval_loss": 0.08617005071469716
}