{
    "f1_macro": 0.9730852581002948,
    "f1_macro_excl_c": 0.9498861047835991,
    "f1_precision_macro_excl_c": 0.9104803493449781,
    "f1_recall_macro_excl_c": 0.9928571428571429,
    "f1_micro_excl_c": 0.9498861047835991,
    "f1_precision_micro_excl_c": 0.9104803493449781,
    "f1_recall_micro_excl_c": 0.9928571428571429,
    "f1_weighted": 0.9498861047835991,
    "f1_precision_weighted": 0.9104803493449781,
    "f1_recall_weighted": 0.9928571428571429,
    "f1_precision_micro": 0.9930817610062893,
    "f05_precision_micro": 0.9930817610062893,
    "f05_recall_micro": 0.9930817610062893,
    "f05_macro": 0.9620250014366845,
    "f05_precision_weighted": 0.9104803493449781,
    "f05_recall_weighted": 0.9928571428571429,
    "f05_weighted": 0.9258436944937832,
    "binarised_f05_I": 0.9258436944937832,
    "binarised_f1_I": 0.9498861047835991,
    "binarised_precision_I": 0.9104803493449781,
    "binarised_recall_I": 0.9928571428571429,
    "binarised_support_I": 420,
    "f05_C": 0.9982063083795858,
    "precision_C": 0.9994916977295832,
    "recall_C": 0.9930976430976431,
    "f1_C": 0.9962844114169904,
    "support_C": 5940,
    "f05_I": 0.9258436944937832,
    "precision_I": 0.9104803493449781,
    "recall_I": 0.9928571428571429,
    "f1_I": 0.9498861047835991,
    "support_I": 420,
    "eval_loss": 0.04259648227265903
}