{
    "f1_macro": 0.9548408723738926,
    "f1_macro_excl_c": 0.9161147902869758,
    "f1_precision_macro_excl_c": 0.8539094650205762,
    "f1_recall_macro_excl_c": 0.9880952380952381,
    "f1_micro_excl_c": 0.9161147902869758,
    "f1_precision_micro_excl_c": 0.8539094650205762,
    "f1_recall_micro_excl_c": 0.9880952380952381,
    "f1_weighted": 0.9161147902869758,
    "f1_precision_weighted": 0.8539094650205761,
    "f1_recall_weighted": 0.9880952380952381,
    "f1_precision_micro": 0.9880503144654088,
    "f05_precision_micro": 0.9880503144654088,
    "f05_recall_micro": 0.9880503144654088,
    "f05_macro": 0.9373290621725667,
    "f05_precision_weighted": 0.8539094650205761,
    "f05_recall_weighted": 0.9880952380952381,
    "f05_weighted": 0.8777495769881557,
    "binarised_f05_I": 0.8777495769881557,
    "binarised_f1_I": 0.9161147902869758,
    "binarised_precision_I": 0.8539094650205762,
    "binarised_recall_I": 0.9880952380952381,
    "binarised_support_I": 420,
    "f05_C": 0.9969085473569779,
    "precision_C": 0.9991487912836228,
    "recall_C": 0.9880471380471381,
    "f1_C": 0.9935669544608092,
    "support_C": 5940,
    "f05_I": 0.8777495769881557,
    "precision_I": 0.8539094650205762,
    "recall_I": 0.9880952380952381,
    "f1_I": 0.9161147902869758,
    "support_I": 420,
    "eval_loss": 0.060334986341851096
}