{
    "f1_macro": 0.8899377139046153,
    "f1_macro_excl_c": 0.7976653696498054,
    "f1_precision_macro_excl_c": 0.6743421052631579,
    "f1_recall_macro_excl_c": 0.9761904761904762,
    "f1_micro_excl_c": 0.7976653696498054,
    "f1_precision_micro_excl_c": 0.6743421052631579,
    "f1_recall_micro_excl_c": 0.9761904761904762,
    "f1_weighted": 0.7976653696498054,
    "f1_precision_weighted": 0.6743421052631579,
    "f1_recall_weighted": 0.9761904761904762,
    "f1_precision_micro": 0.9672955974842767,
    "f05_precision_micro": 0.9672955974842767,
    "f05_recall_micro": 0.9672955974842767,
    "f05_macro": 0.8552860950456989,
    "f05_precision_weighted": 0.6743421052631579,
    "f05_recall_weighted": 0.9761904761904762,
    "f05_weighted": 0.7187938288920056,
    "binarised_f05_I": 0.7187938288920056,
    "binarised_f1_I": 0.7976653696498054,
    "binarised_precision_I": 0.6743421052631579,
    "binarised_recall_I": 0.9761904761904762,
    "binarised_support_I": 420,
    "f05_C": 0.991778361199392,
    "precision_C": 0.9982614742698191,
    "recall_C": 0.9666666666666667,
    "f1_C": 0.9822100581594252,
    "support_C": 5940,
    "f05_I": 0.7187938288920056,
    "precision_I": 0.6743421052631579,
    "recall_I": 0.9761904761904762,
    "f1_I": 0.7976653696498054,
    "support_I": 420,
    "eval_loss": 0.08154162179146494
}