{
    "f1_macro": 0.976525821596244,
    "f1_macro_excl_c": 0.9583333333333333,
    "f1_precision_macro_excl_c": 0.9324324324324325,
    "f1_recall_macro_excl_c": 0.9857142857142858,
    "f1_micro_excl_c": 0.9583333333333333,
    "f1_precision_micro_excl_c": 0.9324324324324325,
    "f1_recall_micro_excl_c": 0.9857142857142858,
    "f1_weighted": 0.9583333333333333,
    "f1_precision_weighted": 0.9324324324324325,
    "f1_recall_weighted": 0.9857142857142858,
    "f1_precision_micro": 0.990625,
    "f05_precision_micro": 0.990625,
    "f05_recall_micro": 0.990625,
    "f05_macro": 0.9697236137302313,
    "f05_precision_weighted": 0.9324324324324325,
    "f05_recall_weighted": 0.9857142857142858,
    "f05_weighted": 0.9426229508196723,
    "binarised_f05_I": 0.9426229508196722,
    "binarised_f1_I": 0.9583333333333333,
    "binarised_precision_I": 0.9324324324324325,
    "binarised_recall_I": 0.9857142857142858,
    "binarised_support_I": 70,
    "f05_C": 0.9968242766407904,
    "precision_C": 0.9982332155477032,
    "recall_C": 0.9912280701754386,
    "f1_C": 0.9947183098591549,
    "support_C": 570,
    "f05_I": 0.9426229508196722,
    "precision_I": 0.9324324324324325,
    "recall_I": 0.9857142857142858,
    "f1_I": 0.9583333333333333,
    "support_I": 70,
    "eval_loss": 0.06683265790343285
}