{
    "f1_macro": 0.9881912282967692,
    "f1_macro_excl_c": 0.9790209790209791,
    "f1_precision_macro_excl_c": 0.958904109589041,
    "f1_recall_macro_excl_c": 1.0,
    "f1_micro_excl_c": 0.9790209790209791,
    "f1_precision_micro_excl_c": 0.958904109589041,
    "f1_recall_micro_excl_c": 1.0,
    "f1_weighted": 0.9790209790209791,
    "f1_precision_weighted": 0.958904109589041,
    "f1_recall_weighted": 1.0,
    "f1_precision_micro": 0.9953125,
    "f05_precision_micro": 0.9953125,
    "f05_recall_micro": 0.9953125,
    "f05_macro": 0.9828968731384251,
    "f05_precision_weighted": 0.958904109589041,
    "f05_recall_weighted": 1.0,
    "f05_weighted": 0.9668508287292817,
    "binarised_f05_I": 0.9668508287292816,
    "binarised_f1_I": 0.9790209790209791,
    "binarised_precision_I": 0.958904109589041,
    "binarised_recall_I": 1.0,
    "binarised_support_I": 70,
    "f05_C": 0.9989429175475687,
    "precision_C": 1.0,
    "recall_C": 0.9947368421052631,
    "f1_C": 0.9973614775725593,
    "support_C": 570,
    "f05_I": 0.9668508287292816,
    "precision_I": 0.958904109589041,
    "recall_I": 1.0,
    "f1_I": 0.9790209790209791,
    "support_I": 70,
    "eval_loss": 0.03161615692079067
}