{
    "f1_macro": 0.807712023948318,
    "f1_macro_excl_c": 0.6372443487621097,
    "f1_precision_macro_excl_c": 0.6402307137707282,
    "f1_recall_macro_excl_c": 0.6342857142857142,
    "f1_micro_excl_c": 0.6372443487621097,
    "f1_precision_micro_excl_c": 0.6402307137707282,
    "f1_recall_micro_excl_c": 0.6342857142857142,
    "f1_weighted": 0.6372443487621097,
    "f1_precision_weighted": 0.6402307137707282,
    "f1_recall_weighted": 0.6342857142857142,
    "f1_precision_micro": 0.9588355048859935,
    "f05_precision_micro": 0.9588355048859935,
    "f05_recall_micro": 0.9588355048859935,
    "f05_macro": 0.8085239344439041,
    "f05_precision_weighted": 0.6402307137707282,
    "f05_recall_weighted": 0.6342857142857142,
    "f05_weighted": 0.6390328151986183,
    "binarised_f05_I": 0.6390328151986183,
    "binarised_f1_I": 0.6372443487621097,
    "binarised_precision_I": 0.6402307137707282,
    "binarised_recall_I": 0.6342857142857142,
    "binarised_support_I": 2800,
    "f05_C": 0.9780150536891898,
    "precision_C": 0.9779053208475381,
    "recall_C": 0.9784542314335061,
    "f1_C": 0.9781796991345262,
    "support_C": 46320,
    "f05_I": 0.6390328151986183,
    "precision_I": 0.6402307137707282,
    "recall_I": 0.6342857142857142,
    "f1_I": 0.6372443487621097,
    "support_I": 2800,
    "eval_loss": 0.09824284953488545
}