{
    "f1_macro": 0.9478928540487697,
    "f1_macro_excl_c": 0.9013220923548573,
    "f1_precision_macro_excl_c": 0.972302604381976,
    "f1_recall_macro_excl_c": 0.84,
    "f1_micro_excl_c": 0.9013220923548573,
    "f1_precision_micro_excl_c": 0.972302604381976,
    "f1_recall_micro_excl_c": 0.84,
    "f1_weighted": 0.9013220923548573,
    "f1_precision_weighted": 0.9723026043819759,
    "f1_recall_weighted": 0.84,
    "f1_precision_micro": 0.9895154723127035,
    "f05_precision_micro": 0.9895154723127035,
    "f05_recall_micro": 0.9895154723127035,
    "f05_macro": 0.9673177569480615,
    "f05_precision_weighted": 0.9723026043819759,
    "f05_recall_weighted": 0.84,
    "f05_weighted": 0.942609810836807,
    "binarised_f05_I": 0.9426098108368068,
    "binarised_f1_I": 0.9013220923548573,
    "binarised_precision_I": 0.972302604381976,
    "binarised_recall_I": 0.84,
    "binarised_support_I": 2800,
    "f05_C": 0.9920257030593161,
    "precision_C": 0.9904070576647181,
    "recall_C": 0.9985535405872193,
    "f1_C": 0.9944636157426819,
    "support_C": 46320,
    "f05_I": 0.9426098108368068,
    "precision_I": 0.972302604381976,
    "recall_I": 0.84,
    "f1_I": 0.9013220923548573,
    "support_I": 2800,
    "eval_loss": 0.05641796346753836
}