{
    "f1_macro": 0.9853356563634544,
    "f1_macro_excl_c": 0.9722986607961842,
    "f1_precision_macro_excl_c": 0.999622783855149,
    "f1_recall_macro_excl_c": 0.9464285714285714,
    "f1_micro_excl_c": 0.9722986607961842,
    "f1_precision_micro_excl_c": 0.999622783855149,
    "f1_recall_micro_excl_c": 0.9464285714285714,
    "f1_weighted": 0.9722986607961842,
    "f1_precision_weighted": 0.9996227838551489,
    "f1_recall_weighted": 0.9464285714285714,
    "f1_precision_micro": 0.9969258957654723,
    "f05_precision_micro": 0.9969258957654723,
    "f05_recall_micro": 0.9969258957654723,
    "f05_macro": 0.9929612808613171,
    "f05_precision_weighted": 0.9996227838551489,
    "f05_recall_weighted": 0.9464285714285714,
    "f05_weighted": 0.988510892270964,
    "binarised_f05_I": 0.9885108922709639,
    "binarised_f1_I": 0.9722986607961842,
    "binarised_precision_I": 0.999622783855149,
    "binarised_recall_I": 0.9464285714285714,
    "binarised_support_I": 2800,
    "f05_C": 0.9974116694516701,
    "precision_C": 0.9967720415761046,
    "recall_C": 0.9999784110535406,
    "f1_C": 0.9983726519307247,
    "support_C": 46320,
    "f05_I": 0.9885108922709639,
    "precision_I": 0.999622783855149,
    "recall_I": 0.9464285714285714,
    "f1_I": 0.9722986607961842,
    "support_I": 2800,
    "eval_loss": 0.03334942483343184
}