{
    "f1_macro": 0.9074513274954614,
    "f1_macro_excl_c": 0.8265239948119325,
    "f1_precision_macro_excl_c": 0.7568289786223278,
    "f1_recall_macro_excl_c": 0.9103571428571429,
    "f1_micro_excl_c": 0.8265239948119325,
    "f1_precision_micro_excl_c": 0.7568289786223278,
    "f1_recall_micro_excl_c": 0.9103571428571429,
    "f1_weighted": 0.8265239948119324,
    "f1_precision_weighted": 0.7568289786223279,
    "f1_recall_weighted": 0.9103571428571429,
    "f1_precision_micro": 0.9782166123778502,
    "f05_precision_micro": 0.9782166123778502,
    "f05_recall_micro": 0.9782166123778502,
    "f05_macro": 0.8876489915969097,
    "f05_precision_weighted": 0.7568289786223279,
    "f05_recall_weighted": 0.9103571428571429,
    "f05_weighted": 0.7832472959685349,
    "binarised_f05_I": 0.7832472959685349,
    "binarised_f1_I": 0.8265239948119325,
    "binarised_precision_I": 0.7568289786223278,
    "binarised_recall_I": 0.9103571428571429,
    "binarised_support_I": 2800,
    "f05_C": 0.9920506872252843,
    "precision_C": 0.9945139010316489,
    "recall_C": 0.982318652849741,
    "f1_C": 0.9883786601789903,
    "support_C": 46320,
    "f05_I": 0.7832472959685349,
    "precision_I": 0.7568289786223278,
    "recall_I": 0.9103571428571429,
    "f1_I": 0.8265239948119325,
    "support_I": 2800,
    "eval_loss": 0.08334016351198609
}