{
    "f1_macro": 0.9775022404018933,
    "f1_macro_excl_c": 0.9582366589327146,
    "f1_precision_macro_excl_c": 0.9343891402714932,
    "f1_recall_macro_excl_c": 0.9833333333333333,
    "f1_micro_excl_c": 0.9582366589327146,
    "f1_precision_micro_excl_c": 0.9343891402714932,
    "f1_recall_micro_excl_c": 0.9833333333333333,
    "f1_weighted": 0.9582366589327146,
    "f1_precision_weighted": 0.9343891402714931,
    "f1_recall_weighted": 0.9833333333333333,
    "f1_precision_micro": 0.994,
    "f05_precision_micro": 0.994,
    "f05_recall_micro": 0.994,
    "f05_macro": 0.9708674014162997,
    "f05_precision_weighted": 0.9343891402714931,
    "f05_recall_weighted": 0.9833333333333333,
    "f05_weighted": 0.9437842778793419,
    "binarised_f05_I": 0.9437842778793419,
    "binarised_f1_I": 0.9582366589327146,
    "binarised_precision_I": 0.9343891402714932,
    "binarised_recall_I": 0.9833333333333333,
    "binarised_support_I": 420,
    "f05_C": 0.9979505249532574,
    "precision_C": 0.9987405541561712,
    "recall_C": 0.9948028673835125,
    "f1_C": 0.9967678218710719,
    "support_C": 5580,
    "f05_I": 0.9437842778793419,
    "precision_I": 0.9343891402714932,
    "recall_I": 0.9833333333333333,
    "f1_I": 0.9582366589327146,
    "support_I": 420,
    "eval_loss": 0.035073493208204
}