{
    "f1_macro": 0.9555555555555555,
    "f1_macro_excl_c": 0.9177777777777778,
    "f1_precision_macro_excl_c": 0.8604166666666667,
    "f1_recall_macro_excl_c": 0.9833333333333333,
    "f1_micro_excl_c": 0.9177777777777778,
    "f1_precision_micro_excl_c": 0.8604166666666667,
    "f1_recall_micro_excl_c": 0.9833333333333333,
    "f1_weighted": 0.9177777777777778,
    "f1_precision_weighted": 0.8604166666666667,
    "f1_recall_weighted": 0.9833333333333333,
    "f1_precision_micro": 0.9876666666666667,
    "f05_precision_micro": 0.9876666666666667,
    "f05_recall_micro": 0.9876666666666667,
    "f05_macro": 0.9395220349667205,
    "f05_precision_weighted": 0.8604166666666667,
    "f05_recall_weighted": 0.9833333333333333,
    "f05_weighted": 0.8824786324786326,
    "binarised_f05_I": 0.8824786324786326,
    "binarised_f1_I": 0.9177777777777778,
    "binarised_precision_I": 0.8604166666666667,
    "binarised_recall_I": 0.9833333333333333,
    "binarised_support_I": 420,
    "f05_C": 0.9965654374548084,
    "precision_C": 0.998731884057971,
    "recall_C": 0.9879928315412186,
    "f1_C": 0.9933333333333333,
    "support_C": 5580,
    "f05_I": 0.8824786324786326,
    "precision_I": 0.8604166666666667,
    "recall_I": 0.9833333333333333,
    "f1_I": 0.9177777777777778,
    "support_I": 420,
    "eval_loss": 0.05648080552262919
}